{
    "DZA": [
        28, 
        3
    ], 
    "AGO": [
        -12.5, 
        18.5
    ], 
    "EGY": [
        27, 
        30
    ], 
    "BGD": [
        24, 
        90
    ], 
    "NER": [
        16, 
        8
    ], 
    "LIE": [
        47.26666666, 
        9.53333333
    ], 
    "NAM": [
        -22, 
        17
    ], 
    "BGR": [
        43, 
        25
    ], 
    "BOL": [
        -17, 
        -65
    ], 
    "GHA": [
        8, 
        -2
    ], 
    "CCK": [
        -12.5, 
        96.83333333
    ], 
    "PAK": [
        30, 
        70
    ], 
    "CPV": [
        16, 
        -24
    ], 
    "JOR": [
        31, 
        36
    ], 
    "LBR": [
        6.5, 
        -9.5
    ], 
    "LBY": [
        25, 
        17
    ], 
    "MYS": [
        2.5, 
        112.5
    ], 
    "IOT": [
        -6, 
        71.5
    ], 
    "PRI": [
        18.25, 
        -66.5
    ], 
    "MYT": [
        -12.83333333, 
        45.16666666
    ], 
    "PRK": [
        40, 
        127
    ], 
    "TZA": [
        -6, 
        35
    ], 
    "BWA": [
        -22, 
        24
    ], 
    "KHM": [
        13, 
        105
    ], 
    "UMI": [], 
    "TTO": [
        11, 
        -61
    ], 
    "PRY": [
        -23, 
        -58
    ], 
    "HKG": [
        22.267, 
        114.188
    ], 
    "SAU": [
        25, 
        45
    ], 
    "LBN": [
        33.83333333, 
        35.83333333
    ], 
    "SVN": [
        46.11666666, 
        14.81666666
    ], 
    "BFA": [
        13, 
        -2
    ], 
    "SVK": [
        48.66666666, 
        19.5
    ], 
    "MRT": [
        20, 
        -12
    ], 
    "HRV": [
        45.16666666, 
        15.5
    ], 
    "CHL": [
        -30, 
        -71
    ], 
    "CHN": [
        35, 
        105
    ], 
    "KNA": [
        17.33333333, 
        -62.75
    ], 
    "JAM": [
        18.25, 
        -77.5
    ], 
    "SMR": [
        43.76666666, 
        12.41666666
    ], 
    "GIB": [
        36.13333333, 
        -5.35
    ], 
    "DJI": [
        11.5, 
        43
    ], 
    "GIN": [
        11, 
        -10
    ], 
    "FIN": [
        64, 
        26
    ], 
    "URY": [
        -33, 
        -56
    ], 
    "VAT": [
        41.9, 
        12.45
    ], 
    "STP": [
        1, 
        7
    ], 
    "SYC": [
        -4.58333333, 
        55.66666666
    ], 
    "NPL": [
        28, 
        84
    ], 
    "CXR": [
        -10.5, 
        105.66666666
    ], 
    "LAO": [
        18, 
        105
    ], 
    "YEM": [
        15, 
        48
    ], 
    "BVT": [
        -54.43333333, 
        3.4
    ], 
    "ZAF": [
        -29, 
        24
    ], 
    "KIR": [
        1.41666666, 
        173
    ], 
    "PHL": [
        13, 
        122
    ], 
    "SXM": [
        18.033333, 
        -63.05
    ], 
    "ROU": [
        46, 
        25
    ], 
    "VIR": [
        18.35, 
        -64.933333
    ], 
    "SYR": [
        35, 
        38
    ], 
    "MAC": [
        22.16666666, 
        113.55
    ], 
    "NIC": [
        13, 
        -85
    ], 
    "MLT": [
        35.83333333, 
        14.58333333
    ], 
    "KAZ": [
        48, 
        68
    ], 
    "TCA": [
        21.75, 
        -71.58333333
    ], 
    "PYF": [
        -15, 
        -140
    ], 
    "NIU": [
        -19.03333333, 
        -169.86666666
    ], 
    "DMA": [
        15.41666666, 
        -61.33333333
    ], 
    "GBR": [
        54, 
        -2
    ], 
    "BEN": [
        9.5, 
        2.25
    ], 
    "GUF": [
        4, 
        -53
    ], 
    "BEL": [
        50.83333333, 
        4
    ], 
    "MSR": [
        16.75, 
        -62.2
    ], 
    "TGO": [
        8, 
        1.16666666
    ], 
    "DEU": [
        51, 
        9
    ], 
    "GUM": [
        13.46666666, 
        144.78333333
    ], 
    "LKA": [
        7, 
        81
    ], 
    "SSD": [
        7, 
        30
    ], 
    "FLK": [
        -51.75, 
        -59
    ], 
    "PCN": [
        -25.06666666, 
        -130.1
    ], 
    "BES": [
        12.15, 
        -68.266667
    ], 
    "GUY": [
        5, 
        -59
    ], 
    "CRI": [
        10, 
        -84
    ], 
    "COK": [
        -21.23333333, 
        -159.76666666
    ], 
    "MAR": [
        32, 
        -5
    ], 
    "MNP": [
        15.2, 
        145.75
    ], 
    "LSO": [
        -29.5, 
        28.5
    ], 
    "HUN": [
        47, 
        20
    ], 
    "TKM": [
        40, 
        60
    ], 
    "SUR": [
        4, 
        -56
    ], 
    "NLD": [
        52.5, 
        5.75
    ], 
    "BMU": [
        32.33333333, 
        -64.75
    ], 
    "HMD": [
        -53.1, 
        72.51666666
    ], 
    "TCD": [
        15, 
        19
    ], 
    "GEO": [
        42, 
        43.5
    ], 
    "MNE": [
        42.5, 
        19.3
    ], 
    "MNG": [
        46, 
        105
    ], 
    "MHL": [
        9, 
        168
    ], 
    "MTQ": [
        14.666667, 
        -61
    ], 
    "BLZ": [
        17.25, 
        -88.75
    ], 
    "NFK": [
        -29.03333333, 
        167.95
    ], 
    "MMR": [
        22, 
        98
    ], 
    "AFG": [
        33, 
        65
    ], 
    "BDI": [
        -3.5, 
        30
    ], 
    "VGB": [
        18.431383, 
        -64.62305
    ], 
    "BLR": [
        53, 
        28
    ], 
    "BLM": [
        18.5, 
        -63.41666666
    ], 
    "GRD": [
        12.11666666, 
        -61.66666666
    ], 
    "TKL": [
        -9, 
        -172
    ], 
    "GRC": [
        39, 
        22
    ], 
    "GRL": [
        72, 
        -40
    ], 
    "SHN": [
        -15.95, 
        -5.7
    ], 
    "AND": [
        42.5, 
        1.5
    ], 
    "MOZ": [
        -18.25, 
        35
    ], 
    "TJK": [
        39, 
        71
    ], 
    "THA": [
        15, 
        100
    ], 
    "HTI": [
        19, 
        -72.41666666
    ], 
    "MEX": [
        23, 
        -102
    ], 
    "ZWE": [
        -20, 
        30
    ], 
    "LCA": [
        13.88333333, 
        -60.96666666
    ], 
    "IND": [
        20, 
        77
    ], 
    "LVA": [
        57, 
        25
    ], 
    "BTN": [
        27.5, 
        90.5
    ], 
    "VCT": [
        13.25, 
        -61.2
    ], 
    "VNM": [
        16.16666666, 
        107.83333333
    ], 
    "NOR": [
        62, 
        10
    ], 
    "CZE": [
        49.75, 
        15.5
    ], 
    "ATF": [
        -49.25, 
        69.167
    ], 
    "ATG": [
        17.05, 
        -61.8
    ], 
    "FJI": [
        -18, 
        175
    ], 
    "HND": [
        15, 
        -86.5
    ], 
    "MUS": [
        -20.28333333, 
        57.55
    ], 
    "DOM": [
        19, 
        -70.66666666
    ], 
    "LUX": [
        49.75, 
        6.16666666
    ], 
    "ISR": [
        31.47, 
        35.13
    ], 
    "FSM": [
        6.91666666, 
        158.25
    ], 
    "PER": [
        -10, 
        -76
    ], 
    "REU": [
        -21.15, 
        55.5
    ], 
    "IDN": [
        -5, 
        120
    ], 
    "VUT": [
        -16, 
        167
    ], 
    "MKD": [
        41.83333333, 
        22
    ], 
    "COD": [
        0, 
        25
    ], 
    "COG": [
        -1, 
        15
    ], 
    "ISL": [
        65, 
        -18
    ], 
    "GLP": [
        16.25, 
        -61.583333
    ], 
    "ETH": [
        8, 
        38
    ], 
    "COM": [
        -12.16666666, 
        44.25
    ], 
    "COL": [
        4, 
        -72
    ], 
    "NGA": [
        10, 
        8
    ], 
    "TLS": [
        -8.83333333, 
        125.91666666
    ], 
    "TWN": [
        23.5, 
        121
    ], 
    "PRT": [
        39.5, 
        -8
    ], 
    "MDA": [
        47, 
        29
    ], 
    "GGY": [
        49.46666666, 
        -2.58333333
    ], 
    "MDG": [
        -20, 
        47
    ], 
    "ATA": [
        -90, 
        0
    ], 
    "ECU": [
        -2, 
        -77.5
    ], 
    "SEN": [
        14, 
        -14
    ], 
    "ESH": [
        24.5, 
        -13
    ],